variable,count,mean,std,min,25%,50%,75%,max,original
dummy1,1000.0,-0.0006752456343923554,0.009776035457833033,-0.0320903246027659,-0.00729970371536745,-0.00082934024440635,0.005787033484125825,0.0306770630575847,0.0306770630575847
dummy2,1000.0,0.00023878972981266692,0.010569666994467925,-0.035080402184576,-0.0071942311084356005,0.00013487787932215,0.00756495078879645,0.0330054044845766,-0.0100629133276441
x1,1000.0,0.010757874767879172,2.9712819257305245,-7.586083497925897,-1.9457827274560642,-0.08845640856463424,1.8630150486694506,28.205248072622336,28.205248072622336
x2,1000.0,-0.0309789131125748,7.726673155576331,-21.313799639200475,-5.1114818392057675,-0.0337495014392672,4.914487363357909,75.04128546878343,75.04128546878343
x3,1000.0,-0.06498726695637992,1.9124619685998023,-5.917192346173742,-1.3465140572386476,-0.039149517099818995,1.1124151008603311,17.752222956860003,17.752222956860003
